{
  "type": "object",
  "required": true,
  "properties": {
    "metaData": {
      "type": "object",
      "required": true,
      "properties": {
        "source": {
          "type": "string"
        },
        "target": {
          "type": "string"
        },
        "timestamp": {
          "type": "string"
        },
        "requestor": {
          "type": "string"
        },
        "interfaceName": {
          "type": "string"
        },
        "transactionId": {
          "type": "string"
        }
      }
    },
    "status": {
      "type": "array",
      "items": {
        "type": "object",
        "required": true,
        "properties": {
          "code": {
            "type": "string"
          },
          "type": {
            "type": "string"
          },
          "description": {
            "type": "string"
          }
        }
      }
    },
    "businessData": {
      "type": "object",
      "required": true,
      "properties": {
        "members": {
          "type": "object",
          "required": true,
          "properties": {
            "identifiers": {
              "type": "array",
              "items": {
                "type": "object",
                "required": true,
                "properties": {
                  "type": {
                    "type": "string"
                  },
                  "value": {
                    "type": "string"
                  }
                }
              }
            },
            "title": {
              "type": "string"
            },
            "firstName": {
              "type": "string"
            },
            "middleName": {
              "type": "string"
            },
            "lastName": {
              "type": "string"
            },
            "gender": {
              "type": "string"
            },
            "dateOfBirth": {
              "type": "string"
            },
            "isSmoker": {
              "type": "boolean"
            },
            "isTFNProvided": {
              "type": "boolean"
            },
            "contactMethods": {
              "type": "object",
              "required": true,
              "properties": {
                "phones": {
                  "type": "array",
                  "items": {
                    "type": "object",
                    "required": true,
                    "properties": {
                      "contactRef": {
                        "type": "string"
                      },
                      "type": {
                        "type": "string"
                      },
                      "subType": {
                        "type": "string"
                      },
                      "idc": {
                        "type": "string"
                      },
                      "areaCode": {
                        "type": "string"
                      },
                      "number": {
                        "type": "string"
                      },
                      "extension": {
                        "type": "string"
                      },
                      "preferred": {
                        "type": "string"
                      },
                      "remarks": {
                        "type": "string"
                      },
                      "effectiveStartDate": {
                        "type": "string"
                      },
                      "effectiveEndDate": {
                        "type": "string"
                      }
                    }
                  }
                },
                "addresses": {
                  "type": "array",
                  "items": {
                    "type": "object",
                    "required": true,
                    "properties": {
                      "contactRef": {
                        "type": "string"
                      },
                      "houseNo": {
                        "type": "string"
                      },
                      "houseName": {
                        "type": "string"
                      },
                      "street": {
                        "type": "string"
                      },
                      "locality": {
                        "type": "string"
                      },
                      "district": {
                        "type": "string"
                      },
                      "state": {
                        "type": "string"
                      },
                      "country": {
                        "type": "string"
                      },
                      "postCode": {
                        "type": "string"
                      },
                      "bcID": {
                        "type": "string"
                      },
                      "addressStatus": {
                        "type": "string"
                      },
                      "addressType": {
                        "type": "string"
                      },
                      "preferred": {
                        "type": "string"
                      },
                      "effectiveStartDate": {
                        "type": "string"
                      },
                      "effectiveEndDate": {
                        "type": "string"
                      }
                    }
                  }
                },
                "emails": {
                  "type": "array",
                  "items": {
                    "type": "object",
                    "required": true,
                    "properties": {
                      "contactRef": {
                        "type": "string"
                      },
                      "type": {
                        "type": "string"
                      },
                      "email": {
                        "type": "string"
                      },
                      "preferred": {
                        "type": "string"
                      },
                      "effectiveStartDate": {
                        "type": "string"
                      },
                      "effectiveEndDate": {
                        "type": "string"
                      }
                    }
                  }
                }
              }
            }
          }
        }
      }
    },
    "schemeMemberDetails": {
      "type": "object",
      "required": true,
      "properties": {
        "occupationalRating": {
          "type": "string"
        },
        "employer": {
          "type": "string"
        },
        "salary": {
          "type": "number"
        }
      }
    }
  }
}