<?xml version="1.0" encoding="UTF-8"?>

<mule xmlns:tracking="http://www.mulesoft.org/schema/mule/ee/tracking" xmlns:dw="http://www.mulesoft.org/schema/mule/ee/dw" xmlns:ws="http://www.mulesoft.org/schema/mule/ws" xmlns:json="http://www.mulesoft.org/schema/mule/json" xmlns:metadata="http://www.mulesoft.org/schema/mule/metadata" xmlns:http="http://www.mulesoft.org/schema/mule/http" xmlns="http://www.mulesoft.org/schema/mule/core" xmlns:doc="http://www.mulesoft.org/schema/mule/documentation"
	xmlns:spring="http://www.springframework.org/schema/beans" 
	xmlns:xsi="http://www.w3.org/2001/XMLSchema-instance"
	xsi:schemaLocation="http://www.springframework.org/schema/beans http://www.springframework.org/schema/beans/spring-beans-current.xsd
http://www.mulesoft.org/schema/mule/core http://www.mulesoft.org/schema/mule/core/current/mule.xsd
http://www.mulesoft.org/schema/mule/http http://www.mulesoft.org/schema/mule/http/current/mule-http.xsd
http://www.mulesoft.org/schema/mule/ee/dw http://www.mulesoft.org/schema/mule/ee/dw/current/dw.xsd
http://www.mulesoft.org/schema/mule/json http://www.mulesoft.org/schema/mule/json/current/mule-json.xsd
http://www.mulesoft.org/schema/mule/ws http://www.mulesoft.org/schema/mule/ws/current/mule-ws.xsd
http://www.mulesoft.org/schema/mule/ee/tracking http://www.mulesoft.org/schema/mule/ee/tracking/current/mule-tracking-ee.xsd">
    <flow name="MF_Event_implementationFlow">
        <set-variable variableName="EventNumber" value="#[message.inboundProperties.'http.uri.params'.eventnumber]" doc:name="Set EventNumber"/>
        <logger message="#[flowVars.EventNumber]" level="INFO" doc:name="Print EventNumber"/>
        <flow-ref name="MF_Token_AuthorizationFlow" doc:name="MF_Token_AuthorizationFlow"/>
        <flow-ref name="SF_EventFlow" doc:name="SF_EventFlow"/>
        <flow-ref name="SF_Event_MemberIDFlow" doc:name="SF_Event_MemberIDFlow"/>
        <flow-ref name="SF_Event_GetClaimsdataFlow" doc:name="SF_Event_GetClaimsdataFlow"/>
    </flow>
    <sub-flow name="SF_EventFlow">
        <set-variable variableName="firstpayload" value="#[payload]" doc:name="Initial Payload "/>
        <set-payload value="#[flowVars.EventNumber]" doc:name="Set EventNumber "/>
        <logger message="Payload : #[payload]  EventNumber: #[flowVars.EventNumber]" level="INFO" doc:name="Print Payload and EventNumber"/>

        <dw:transform-message doc:name="Create Dynamic Query Request for EventNumber" metadata:id="2b02d571-bd94-4893-926c-7d843b8121c8">
            <dw:input-payload mimeType="application/java"/>
            <dw:set-payload><![CDATA[%dw 1.0
%output application/xml
%namespace ns0 http://tempuri.org/
---
{
	ns0#DynamicQuery: {
		ns0#sessionToken: flowVars.sessionToken,
		ns0#typeName: 'LossEvent',
		ns0#filter: "EventNumber=" ++ '"' ++ payload ++ '"',
		//ns0#filter: "AccountGuid=" ++ '"' ++ payload.Entity.Positions.AccountId ++ '"' ++ " and ProgramGuid=" ++ '"' ++ flowVars.programId ++ '"'
		ns0#select: 'EventNumber,MemberID,LossEventID',
		ns0#startAt: 0,
		ns0#take: 30
	}
}]]></dw:set-payload>
        </dw:transform-message>

        <ws:consumer config-ref="Web_Service_Consumer_query" operation="DynamicQuery" doc:name="Origami DynamicService1"/>
        <dw:transform-message doc:name="Mapping DynamicQuery Response">
            <dw:set-payload><![CDATA[%dw 1.0
%output application/java
---
payload.DynamicQueryResponse.DynamicQueryResult]]></dw:set-payload>
        </dw:transform-message>
        <json:object-to-json-transformer doc:name="Object to JSON"/>

        <dw:transform-message doc:name="Map Result Set" metadata:id="ac86b517-7280-4899-b14a-15013e3b4ed3">
            <dw:set-payload><![CDATA[%dw 1.0
%output application/json
---
payload[0]]]></dw:set-payload>
            <dw:set-variable variableName="MemberID"><![CDATA[%dw 1.0
%output application/java
---
0 when ((payload.MemberID[0] == "" or payload.MemberID[0] == null or (sizeOf payload) == 0))  otherwise payload.MemberID[0]]]></dw:set-variable>
            <dw:set-variable variableName="event"><![CDATA[%dw 1.0
%output application/java
---
'' when ((payload.EventNumber[0] == "" or payload.EventNumber[0] == null or (sizeOf payload) == 0))  otherwise payload.EventNumber[0]]]></dw:set-variable>
            <dw:set-variable variableName="losseventid"><![CDATA[%dw 1.0
%output application/java
---
'' when ((payload.LossEventID[0] == "" or payload.LossEventID[0] == null or (sizeOf payload) == 0))  otherwise payload.LossEventID[0]]]></dw:set-variable>
        </dw:transform-message>
        <logger message="Payload: #[payload] , MemberID:  #[flowVars.MemberID],  losseventid:  #[flowVars.event]" level="INFO" doc:name="Print Payload and variables"/>
        <set-payload value="#[payload]" doc:name="Set Event Payload"/>
        <set-variable variableName="ClaimsPayload" value="#[payload]" doc:name="Set ClaimsPayload in a Variable"/>
        <logger message="Claims Payload : #[flowVars.ClaimsPayload]" level="INFO" doc:name="Print Claims Payload"/>
    </sub-flow>
    <sub-flow name="SF_Event_MemberIDFlow">
        <set-variable variableName="memberidflow" value="#[flowVars.ClaimsPayload]" doc:name="Set memberid flow variable as ClaimsPayload "/>

        <logger message="#[message.payloadAs(java.lang.String)]" level="INFO" doc:name="Print as String"/>
        <dw:transform-message doc:name="Create Dynamic Query Request for MemberID">
            <dw:set-payload><![CDATA[%dw 1.0
%output application/xml
%namespace ns0 http://tempuri.org/
---
{
	ns0#DynamicQuery: {
		ns0#sessionToken: flowVars.sessionToken,
		ns0#typeName: 'Member',
		ns0#filter: "MemberID=" ++ flowVars.MemberID,
		//ns0#filter: "AccountGuid=" ++ '"' ++ payload.Entity.Positions.AccountId ++ '"' ++ " and ProgramGuid=" ++ '"' ++ flowVars.programId ++ '"'
		ns0#select: 'Name',
		ns0#startAt: 0,
		ns0#take: 30
	}
}]]></dw:set-payload>
        </dw:transform-message>
        <ws:consumer config-ref="Web_Service_Consumer_query" operation="DynamicQuery" doc:name="Origami Dynamic Service2"/>
        <dw:transform-message doc:name="Mapping DynamicQuery Response" metadata:id="70eb5251-7fef-4e48-bc4f-f9bf4847c102">
            <dw:input-payload mimeType="application/xml"/>
            <dw:set-payload><![CDATA[%dw 1.0
%output application/java
---
payload.DynamicQueryResponse.DynamicQueryResult]]></dw:set-payload>
        </dw:transform-message>
        <json:object-to-json-transformer doc:name="Object to JSON"/>
        <dw:transform-message doc:name="Store Name Result Set in MemberName variable">

            <dw:set-variable variableName="MemberName"><![CDATA[%dw 1.0
%output application/java
---
payload.Name[0]]]></dw:set-variable>
        </dw:transform-message>
        <logger message="Payload: #[payload] ,  MemberName: #[flowVars.MemberName]" level="INFO" doc:name="Print Payload and MemberName"/>

    </sub-flow>

     <sub-flow name="SF_Event_GetClaimsdataFlow">
        <set-variable variableName="claimnumbervar" value="#[flowVars.firstpayload]" doc:name="Set claimnumber variable with Initial Payload"/>
        <set-payload value="#[flowVars.EventNumber]" doc:name="Set EventNumber variable value as a payload"/>


        <dw:transform-message doc:name="Create Dynamic Query Request for EventNumber" metadata:id="2b02d571-bd94-4893-926c-7d843b8121c8">
            <dw:input-payload mimeType="application/java"/>
            <dw:set-payload><![CDATA[%dw 1.0
%output application/xml
%namespace ns0 http://tempuri.org/
---
{
	ns0#DynamicQuery: {
		ns0#sessionToken: flowVars.sessionToken,
		ns0#typeName: 'LossEvent',
		ns0#filter: "EventNumber=" ++ '"' ++ payload ++ '"',
		//ns0#filter: "AccountGuid=" ++ '"' ++ payload.Entity.Positions.AccountId ++ '"' ++ " and ProgramGuid=" ++ '"' ++ flowVars.programId ++ '"'
		ns0#select: 'EventNumber,StartDate',
		ns0#startAt: 0,
		ns0#take: 30
	}
}]]></dw:set-payload>
        </dw:transform-message>
        <ws:consumer config-ref="Web_Service_Consumer_query" operation="DynamicQuery" doc:name="Origami DynamicService3"/>
        <dw:transform-message doc:name="Mapping DynamicQuery Response" metadata:id="6c547410-2023-4c3a-9f6a-fea34d800821">
            <dw:input-payload mimeType="application/xml"/>
            <dw:set-payload><![CDATA[%dw 1.0
%output application/java
---
payload.DynamicQueryResponse.DynamicQueryResult]]></dw:set-payload>
        </dw:transform-message>
        <json:object-to-json-transformer doc:name="Object to JSON"/>

        <dw:transform-message doc:name="Final Mapping" metadata:id="ac86b517-7280-4899-b14a-15013e3b4ed3">
            <dw:input-payload mimeType="application/json"/>
            <dw:set-payload><![CDATA[%dw 1.0
%output application/json
---
{
	EventNumber: payload.EventNumber[0],
	MemberName: flowVars.MemberName,
	DateOfEvent: payload.StartDate[0]	
}
]]></dw:set-payload>

        </dw:transform-message>

        <set-payload value="#[payload]" doc:name="Set  Final Payload"/>

    </sub-flow>
</mule>    