<?xml version="1.0" encoding="UTF-8"?>

<mule xmlns:tracking="http://www.mulesoft.org/schema/mule/ee/tracking" xmlns:dw="http://www.mulesoft.org/schema/mule/ee/dw" xmlns:ws="http://www.mulesoft.org/schema/mule/ws" xmlns:json="http://www.mulesoft.org/schema/mule/json" xmlns:metadata="http://www.mulesoft.org/schema/mule/metadata" xmlns:http="http://www.mulesoft.org/schema/mule/http" xmlns="http://www.mulesoft.org/schema/mule/core" xmlns:doc="http://www.mulesoft.org/schema/mule/documentation"
	xmlns:spring="http://www.springframework.org/schema/beans" 
	xmlns:xsi="http://www.w3.org/2001/XMLSchema-instance"
	xsi:schemaLocation="http://www.springframework.org/schema/beans http://www.springframework.org/schema/beans/spring-beans-current.xsd
http://www.mulesoft.org/schema/mule/core http://www.mulesoft.org/schema/mule/core/current/mule.xsd
http://www.mulesoft.org/schema/mule/http http://www.mulesoft.org/schema/mule/http/current/mule-http.xsd
http://www.mulesoft.org/schema/mule/ee/dw http://www.mulesoft.org/schema/mule/ee/dw/current/dw.xsd
http://www.mulesoft.org/schema/mule/json http://www.mulesoft.org/schema/mule/json/current/mule-json.xsd
http://www.mulesoft.org/schema/mule/ws http://www.mulesoft.org/schema/mule/ws/current/mule-ws.xsd
http://www.mulesoft.org/schema/mule/ee/tracking http://www.mulesoft.org/schema/mule/ee/tracking/current/mule-tracking-ee.xsd">
    <flow name="MF_Eventbyadj_implementationflow">
        <set-variable variableName="EventNumber" value="#[message.inboundProperties.'http.uri.params'.eventnumber]" doc:name="EventNumber"/>
        <logger message="#[flowVars.EventNumber]" level="INFO" doc:name="Print EventNumber"/>
        <flow-ref name="MF_Token_AuthorizationFlow" doc:name="MF_Token_AuthorizationFlow"/>
        <flow-ref name="SF_LossEventID_byAdjFlow" doc:name="GetLossEventIDFlow"/>
        <flow-ref name="SF_AdjusterUserID_byAdjFlow" doc:name="SF_AdjusterUserID_byAdjFlow"/>
        <flow-ref name="SF_AdjusterNameID_byAdjFlow" doc:name="SF_AdjusterNameID_byAdjFlow"/>
        <flow-ref name="SF_EventByAdjFlow" doc:name="SF_EventByAdjFlow"/>

    </flow>
    <sub-flow name="SF_LossEventID_byAdjFlow">
        <set-variable variableName="firstpayload" value="#[payload]" doc:name="Initial Payload"/>
        <set-payload value="#[flowVars.EventNumber]" doc:name="Set EventNumber"/>
        <logger message="Payload : #[payload] EventNumber: #[flowVars.EventNumber]" level="INFO" doc:name="Print Payload and EventNumber"/>

        <dw:transform-message doc:name="Create Dynamic Query Request for LossEventID" metadata:id="2b02d571-bd94-4893-926c-7d843b8121c8">
            <dw:input-payload mimeType="application/java"/>
            <dw:set-payload><![CDATA[%dw 1.0
%output application/xml
%namespace ns0 http://tempuri.org/
---
{
	ns0#DynamicQuery: {
		ns0#sessionToken: flowVars.sessionToken,
		ns0#typeName: 'LossEvent',
		ns0#filter: "EventNumber=" ++ '"' ++ payload ++ '"',
		//ns0#filter: "AccountGuid=" ++ '"' ++ payload.Entity.Positions.AccountId ++ '"' ++ " and ProgramGuid=" ++ '"' ++ flowVars.programId ++ '"'
		ns0#select: 'EventNumber,MemberID,LossEventID',
		ns0#startAt: 0,
		ns0#take: 30
	}
}]]></dw:set-payload>
        </dw:transform-message>

        <ws:consumer config-ref="Web_Service_Consumer_query" operation="DynamicQuery" doc:name="Origami DynamicService1"/>
        <dw:transform-message doc:name="Mapping Dynamic Query Response">
            <dw:set-payload><![CDATA[%dw 1.0
%output application/java
---
payload.DynamicQueryResponse.DynamicQueryResult]]></dw:set-payload>
        </dw:transform-message>
        <json:object-to-json-transformer doc:name="Object to JSON"/>

        <dw:transform-message doc:name="Map Result Set" metadata:id="ac86b517-7280-4899-b14a-15013e3b4ed3">
            <dw:set-payload><![CDATA[%dw 1.0
%output application/json
---
payload[0]]]></dw:set-payload>
            <dw:set-variable variableName="MemberID"><![CDATA[%dw 1.0
%output application/java
---
0 when ((payload.MemberID[0] == "" or payload.MemberID[0] == null or (sizeOf payload) == 0))  otherwise payload.MemberID[0]]]></dw:set-variable>
            <dw:set-variable variableName="event"><![CDATA[%dw 1.0
%output application/java
---
'' when ((payload.EventNumber[0] == "" or payload.EventNumber[0] == null or (sizeOf payload) == 0))  otherwise payload.EventNumber[0]]]></dw:set-variable>
            <dw:set-variable variableName="losseventid"><![CDATA[%dw 1.0
%output application/java
---
'' when ((payload.LossEventID[0] == "" or payload.LossEventID[0] == null or (sizeOf payload) == 0))  otherwise payload.LossEventID[0]]]></dw:set-variable>
        </dw:transform-message>
        <logger message="Payload: #[payload] , MemberID:  #[flowVars.MemberID],  losseventid:  #[flowVars.event]" level="INFO" doc:name="Print Payload and Variables"/>
        <set-payload value="#[payload]" doc:name="Set  Payload"/>
        <set-variable variableName="ClaimsPayload" value="#[payload]" doc:name="Set Claims Payload as  variable"/>
        <logger message="Claims Payload : #[flowVars.ClaimsPayload]" level="INFO" doc:name="Print ClaimsPayload"/>
    </sub-flow>
    <sub-flow name="SF_AdjusterUserID_byAdjFlow">
        <set-variable variableName="firstpayload" value="#[payload]" doc:name="Initial Payload"/>
        <set-payload value="#[flowVars.losseventid]" doc:name="Set losseventid"/>
        <logger message="Payload : #[payload]  LossEventID: #[flowVars.losseventid]" level="INFO" doc:name="Print Payload and LossEventID"/>

        <dw:transform-message doc:name="Create Dynamic Query Request for AdjusterUserID" metadata:id="2b02d571-bd94-4893-926c-7d843b8121c8">
            <dw:input-payload mimeType="application/java"/>
            <dw:set-payload><![CDATA[%dw 1.0
%output application/xml
%namespace ns0 http://tempuri.org/
---
{
	ns0#DynamicQuery: {
		ns0#sessionToken: flowVars.sessionToken,
		ns0#typeName: 'Claim',
		ns0#filter: "LossEventID=" ++ payload,
		//ns0#filter: "AccountGuid=" ++ '"' ++ payload.Entity.Positions.AccountId ++ '"' ++ " and ProgramGuid=" ++ '"' ++ flowVars.programId ++ '"'
		ns0#select: 'AdjusterUserID',
		ns0#startAt: 0,
		ns0#take: 90
	}
}]]></dw:set-payload>
        </dw:transform-message>
        <ws:consumer config-ref="Web_Service_Consumer_query" operation="DynamicQuery" doc:name="Origami DynamicService2"/>
        <dw:transform-message doc:name="Mapping DynamicQuery Response">
            <dw:set-payload><![CDATA[%dw 1.0
%output application/java
---
payload.DynamicQueryResponse.DynamicQueryResult]]></dw:set-payload>
        </dw:transform-message>
        <json:object-to-json-transformer doc:name="Object to JSON"/>

        <dw:transform-message doc:name="Map Result Set" metadata:id="ac86b517-7280-4899-b14a-15013e3b4ed3">
            <dw:set-payload><![CDATA[%dw 1.0
%output application/json
---
payload]]></dw:set-payload>

            <dw:set-variable variableName="adjusteruserid"><![CDATA[%dw 1.0
%output application/java
---
//payload.AdjusterUserID[0]
0 when ((payload.AdjusterUserID == "" or payload.AdjusterUserID == null or (sizeOf payload) == 0))  otherwise payload.AdjusterUserID distinctBy $.AdjusterUserID]]></dw:set-variable>

        </dw:transform-message>
        <logger message="Payload: #[payload] ,  AdjusterUserID:  #[flowVars.adjusteruserid]" level="INFO" doc:name="Printing Payload and AdjusterUserID"/>
        <set-payload value="#[flowVars.adjusteruserid]" doc:name="Set AdjusterUserId as Payload"/>

    </sub-flow>
    <sub-flow name="SF_AdjusterNameID_byAdjFlow">
        <set-variable variableName="typeofclaimidflow" value="#[payload]" doc:name="set payload as typeofclaimidflow as Variable"/>

        <logger message="#[payload]" level="INFO" doc:name="Print Payload"/>
        <set-variable variableName="output" value="#[new java.util.ArrayList()]" doc:name="Set output"/>
        <foreach collection="#[flowVars.adjusteruserid]" doc:name="For Each">
            <expression-filter expression="#[payload != null]" doc:name="Expression"/>
            <logger message="#[payload]" level="INFO" doc:name="Print Payload"/>
            <set-payload value="#[payload]" doc:name="Set Payload"/>
            <dw:transform-message doc:name="Create Dynamic Query Request for AdjusterNameID">
                <dw:set-payload><![CDATA[%dw 1.0
%output application/xml
%namespace ns0 http://tempuri.org/
---
{
	ns0#DynamicQuery: {
		ns0#sessionToken: flowVars.sessionToken,
		ns0#typeName: 'User',
		ns0#filter: "UserID=" ++ payload,
		//ns0#filter: "AccountGuid=" ++ '"' ++ payload.Entity.Positions.AccountId ++ '"' ++ " and ProgramGuid=" ++ '"' ++ flowVars.programId ++ '"'
		ns0#select: 'CustomText1',
		ns0#startAt: 0,
		ns0#take: 30
	}
}]]></dw:set-payload>
            </dw:transform-message>
            <ws:consumer config-ref="Web_Service_Consumer_query" operation="DynamicQuery" doc:name="Origami DynamicService3"/>
            <dw:transform-message doc:name="Mapping Dynamic Query Response">
                <dw:set-payload><![CDATA[%dw 1.0
%output application/java
---
payload.DynamicQueryResponse.DynamicQueryResult]]></dw:set-payload>
            </dw:transform-message>
            <json:object-to-json-transformer doc:name="Object to JSON"/>
            <dw:transform-message doc:name="Map CustomText1 Result set in adjustername Variable">
                <dw:set-variable variableName="adjustername"><![CDATA[%dw 1.0
%output application/java
---
payload.CustomText1[0]]]></dw:set-variable>
            </dw:transform-message>
            <logger message="#[payload] , #[flowVars.adjustername]" level="INFO" doc:name="Logger"/>
            <expression-filter expression="#[flowVars.output.add(payload)]" doc:name="Expression"/>
        </foreach>
        <set-payload value="#[flowVars.output.toString()]" doc:name="Set Payload"/>
        <logger message="#[payload]" level="INFO" doc:name="Print Payload"/>



    </sub-flow>

    <sub-flow name="SF_EventByAdjFlow">
        <set-variable variableName="adjusterlist" value="#[payload]" doc:name="Set variable as adjusterlist payload"/>
        <set-payload value="#[flowVars.EventNumber]" doc:name="Set payload as EventNumber "/>
        <logger message="Payload : #[payload] EventNumber: #[flowVars.EventNumber] Adjusterlist: #[flowVars.adjusterlist]" level="INFO" doc:name="Print Payload and Variables"/>

        <dw:transform-message doc:name="Create Dynamic Query Request for EventbyAdj" metadata:id="2b02d571-bd94-4893-926c-7d843b8121c8">
            <dw:input-payload mimeType="application/java"/>
            <dw:set-payload><![CDATA[%dw 1.0
%output application/xml
%namespace ns0 http://tempuri.org/
---
{
	ns0#DynamicQuery: {
		ns0#sessionToken: flowVars.sessionToken,
		ns0#typeName: 'LossEvent',
		ns0#filter: "EventNumber=" ++ '"' ++ payload ++ '"',
		//ns0#filter: "AccountGuid=" ++ '"' ++ payload.Entity.Positions.AccountId ++ '"' ++ " and ProgramGuid=" ++ '"' ++ flowVars.programId ++ '"'
		ns0#select: 'EventNumber',
		ns0#startAt: 0,
		ns0#take: 30
	}
}]]></dw:set-payload>
        </dw:transform-message>

        <ws:consumer config-ref="Web_Service_Consumer_query" operation="DynamicQuery" doc:name="Origami DynamicService4"/>
        <dw:transform-message doc:name="Mapping Dynamic Query Response">
            <dw:set-payload><![CDATA[%dw 1.0
%output application/java
---
payload.DynamicQueryResponse.DynamicQueryResult]]></dw:set-payload>
        </dw:transform-message>
        <json:object-to-json-transformer doc:name="Object to JSON"/>

        <dw:transform-message doc:name="Final Mapping" metadata:id="ac86b517-7280-4899-b14a-15013e3b4ed3">
            <dw:set-payload><![CDATA[%dw 1.0
%output application/json
---
{
	EventNumber: payload.EventNumber,
	AKA: flowVars.adjusterlist
}
]]></dw:set-payload>

        </dw:transform-message>

        <set-payload value="#[payload]" doc:name="Set Final Payload"/>

    </sub-flow>
</mule>    