<?xml version="1.0" encoding="UTF-8"?>

<mule xmlns:tracking="http://www.mulesoft.org/schema/mule/ee/tracking" xmlns:dw="http://www.mulesoft.org/schema/mule/ee/dw" xmlns:ws="http://www.mulesoft.org/schema/mule/ws" xmlns:metadata="http://www.mulesoft.org/schema/mule/metadata" xmlns="http://www.mulesoft.org/schema/mule/core" xmlns:doc="http://www.mulesoft.org/schema/mule/documentation"
	xmlns:spring="http://www.springframework.org/schema/beans" 
	xmlns:xsi="http://www.w3.org/2001/XMLSchema-instance"
	xsi:schemaLocation="http://www.springframework.org/schema/beans http://www.springframework.org/schema/beans/spring-beans-current.xsd
http://www.mulesoft.org/schema/mule/core http://www.mulesoft.org/schema/mule/core/current/mule.xsd
http://www.mulesoft.org/schema/mule/ws http://www.mulesoft.org/schema/mule/ws/current/mule-ws.xsd
http://www.mulesoft.org/schema/mule/ee/dw http://www.mulesoft.org/schema/mule/ee/dw/current/dw.xsd
http://www.mulesoft.org/schema/mule/ee/tracking http://www.mulesoft.org/schema/mule/ee/tracking/current/mule-tracking-ee.xsd">
    <ws:consumer-config name="Web_Service_Consumer_Authenticate" wsdlLocation="stagingOrigamiWSDL.xml" service="ServiceLibrary" port="AuthenticationService" serviceAddress="https://staging-api.origamirisk.com/Origami.WebServices/ServiceLibrary.svc" doc:name="Web Service Consumer"/>
    <flow name="MF_Token_AuthorizationFlow">
        <set-variable variableName="originalPayload" value="#[payload]"  doc:name="Original Payload"/>

        <dw:transform-message doc:name="Create SessionToken">
            <dw:set-payload><![CDATA[%dw 1.0
%output application/xml
%namespace ns0 http://tempuri.org/
---
{
	ns0#CreateSessionToken: {
		ns0#account: p('account'),
		ns0#clientName: p('clientName'),
		ns0#userName: p('userName'),
		ns0#password: p('password')
	}
}]]></dw:set-payload>
        </dw:transform-message>
        <ws:consumer config-ref="Web_Service_Consumer_Authenticate" operation="CreateSessionToken" doc:name="Origami AuthenticationService"/>


        <dw:transform-message doc:name="Mapping SessionTokenResponse" metadata:id="24c3c9d9-4c55-4c1d-b60e-5b76c2158d0f">
            <dw:input-payload doc:sample="sample_data\CreateSessionTokenResponse.xml"/>
            <dw:set-variable variableName="sessionToken"><![CDATA[%dw 1.0
%output application/java
%namespace ns0 http://tempuri.org/
---
payload.ns0#CreateSessionTokenResponse.ns0#CreateSessionTokenResult]]></dw:set-variable>
        </dw:transform-message>
        <logger message="Session Token from Authentication Service: #[flowVars.sessionToken]" level="INFO" doc:name="Store SessionToken"/>

        <set-payload value="#[flowVars.originalPayload]"  doc:name="Set OriginalPayload"/>

    </flow>
</mule>
