<?xml version="1.0" encoding="UTF-8"?>

<mule xmlns:context="http://www.springframework.org/schema/context" xmlns:dw="http://www.mulesoft.org/schema/mule/ee/dw" xmlns:apikit="http://www.mulesoft.org/schema/mule/apikit" xmlns:circuitbreaker="http://www.mulesoft.org/schema/mule/circuitbreaker" 
	xmlns:json="http://www.mulesoft.org/schema/mule/json" xmlns:tls="http://www.mulesoft.org/schema/mule/tls" xmlns:tracking="http://www.mulesoft.org/schema/mule/ee/tracking" xmlns:http="http://www.mulesoft.org/schema/mule/http"
	xmlns="http://www.mulesoft.org/schema/mule/core" xmlns:doc="http://www.mulesoft.org/schema/mule/documentation"
	xmlns:spring="http://www.springframework.org/schema/beans" 
	xmlns:xsi="http://www.w3.org/2001/XMLSchema-instance"
	xsi:schemaLocation="http://www.mulesoft.org/schema/mule/http http://www.mulesoft.org/schema/mule/http/current/mule-http.xsd
http://www.springframework.org/schema/beans http://www.springframework.org/schema/beans/spring-beans-current.xsd
http://www.mulesoft.org/schema/mule/core http://www.mulesoft.org/schema/mule/core/current/mule.xsd
http://www.mulesoft.org/schema/mule/ee/tracking http://www.mulesoft.org/schema/mule/ee/tracking/current/mule-tracking-ee.xsd
http://www.mulesoft.org/schema/mule/tls http://www.mulesoft.org/schema/mule/tls/current/mule-tls.xsd
http://www.mulesoft.org/schema/mule/json http://www.mulesoft.org/schema/mule/json/current/mule-json.xsd
http://www.mulesoft.org/schema/mule/circuitbreaker http://www.mulesoft.org/schema/mule/circuitbreaker/current/mule-circuitbreaker.xsd
http://www.mulesoft.org/schema/mule/apikit http://www.mulesoft.org/schema/mule/apikit/current/mule-apikit.xsd
http://www.mulesoft.org/schema/mule/ee/dw http://www.mulesoft.org/schema/mule/ee/dw/current/dw.xsd
http://www.springframework.org/schema/context http://www.springframework.org/schema/context/spring-context-current.xsd">
    <http:listener-config name="HTTP_Listener_Configuration5" host="0.0.0.0" port="${get.profile.https.port}" doc:name="HTTP Listener Configuration" connectionIdleTimeout="2" basePath="${get.profile.base.path}" protocol="HTTPS">
        <tls:context>
            <tls:key-store type="jks" path="keystore.jks" alias="mule" keyPassword="password1#" password="password1#"/>
        </tls:context>
    </http:listener-config>
    <http:request-config name="HTTP_Request_Configuration" host="872bf6de-6bbd-4a7c-a8ab-1370a07aadeb.mock.pstmn.io" port="443" basePath="/abc" doc:name="HTTP Request Configuration" connectionIdleTimeout="1" protocol="HTTPS">
        <tls:context>
            <tls:trust-store insecure="true"/>
        </tls:context>
    </http:request-config>
    <http:request-config name="HTTP_Request_Configuration3" host="${get.profile.processapi.hostname}" port="${get.profile.processapi.port}" basePath="${get.profile.processapi.path}" doc:name="HTTP Request Configuration" protocol="HTTPS">
        <tls:context>
            <tls:trust-store path="clientTrustStore" password="test123" type="jks"/>
        </tls:context>
    </http:request-config>
	<circuitbreaker:config name="Circuit_Breaker_Config" breakerName="Circuit_Breaker" tripResetTime="3000000" tripThreshold="3" doc:name="Circuit_Breaker_Config" />
    <apikit:config name="Router" raml="E2E.raml" consoleEnabled="false" consolePath="console" keepRamlBaseUri="false" doc:name="Router">
        <apikit:flow-mapping resource="/{memberId}" action="get" flow-ref="get:/{memberId}:Router"/>

    </apikit:config>
    <http:request-config name="ProcessApi_HTTP_Request_Configuration1" protocol="HTTPS" host="${get.profile.backendApi.hostname}" port="${get.profile.backendApi.port}"  doc:name="HTTP Request Configuration" >
        <tls:context>
            <tls:trust-store path="clientTrustStore" password="test123" type="jks" />
            <tls:key-store type="jks" path="clientkeystore" keyPassword="test123" password="test123"/>
        </tls:context>
    </http:request-config>
    <context:property-placeholder location="get-profile-${env}.properties"/>

<!--     <sub-flow name="ProcessApi"> -->
<!--         <logger level="INFO" doc:name="Logger"/> -->
<!--         <http:request config-ref="HTTP_Request_Configuration3" path="/{memberId}" method="GET" doc:name="ProcessApiCall"> -->
<!--             <http:request-builder> -->
<!--                 <http:uri-param paramName="memberId" value="#[flowVars.memberId]"/> -->
<!--             </http:request-builder> -->
<!--         </http:request> -->
<!--         <set-payload value="#[payload]" doc:name="Set Payload"/> -->
<!--     </sub-flow> -->
    <sub-flow name="DummyProcessApi">

        <http:request config-ref="HTTP_Request_Configuration3" path="/{abcd}" method="GET" doc:name="ProcessApiCall">
            <http:request-builder>
                <http:uri-param paramName="abcd" value="#[flowVars.bancsSchemeMemberNo]"/>
            </http:request-builder>

        </http:request>

    </sub-flow>
    <flow name="mainFlow">
        <http:listener config-ref="HTTP_Listener_Configuration5" path="/*" doc:name="HTTPListener"/>
        <apikit:router config-ref="Router" doc:name="APIkit Router"/>
        <exception-strategy ref="demoProject-apikit-exception-strategy" doc:name="Reference Exception Strategy"/>
    </flow>
    <flow name="get:/{memberId}:Router">
    <circuitbreaker:filter config-ref="Circuit_Breaker_Config" doc:name="Circuit Breaker"/>
        <set-variable variableName="memberId" value="#[message.inboundProperties.'http.uri.params'.memberId]" doc:name="memberId"/>
        <set-variable variableName="bancsSchemeMemberNo" value="#[message.inboundProperties.'http.query.params'.bancsSchemeMemberNo]" doc:name="bancsSchemeMemberNo"/>
       
        <scatter-gather doc:name="Scatter-Gather">
            <custom-aggregation-strategy class="com.demoMock.CollectAllAggregationWithFlowVars"/>
            <processor-chain>
                <logger message="bacnks logger ::: #[flowVars.bancsSchemeMemberNo]" level="INFO" doc:name="Logger"/>
                <flow-ref name="DummyProcessApi" doc:name="DummyProcessApi"/>
            </processor-chain>
            <http:request config-ref="ProcessApi_HTTP_Request_Configuration1" path="${get.profile.backendApi.path}" method="GET" doc:name="BackEndApiCall">
                <http:request-builder>
                    <http:query-param paramName="bancsSchemeMemberNo" value="#[flowVars.bancsSchemeMemberNo]"/>
                    <http:query-param paramName="effectiveDate" value="12121988"/>
                </http:request-builder>
            </http:request>
        </scatter-gather>
        <logger message="scatter gather:::::: #[payload]" level="INFO" doc:name="Logger"/>
        <dw:transform-message doc:name="Transform Message">
            <dw:set-payload><![CDATA[%dw 1.0
%output application/json
%var getDate=((now as :datetime {format: "yyyy-MM-dd'T'HH:mm:ss" } >> "UTC") as :string { format: "yyyy-MM-dd'T'HH:mm:ss" })
---
{   "metaData": {
		"source": "",
		"target": "",
		"timestamp": getDate,
		"requestor": payload[0].businessData.partyDetails.bancsPartyNo,
		"interfaceName":"",
		"transactionId":""
	},
    "status":[{
   		"code":"",
   	    "type":"",
   	    "description":""
    }],
    "businessData": {
      	"members": {
		"identifiers": [
			{
				"type": "MEMBER_ID",
				"value": payload[1].businessData.schemeMember.bancsCustomerNo
			},
			{
				"type":"BANCS_CUSTOMER_NO",
				"value":"T1234"
			}
		],
		"title": "Mr",
		"firstName": "John",
		"middleName": "null",
		"lastName": "Hi",
    	"gender": "Male",
    	"dateOfBirth": "1999-08-08",
    	"isSmoker": false,
    	"isTFNProvided": false,
    	"contactMethods": {
    	"phones" : [
    		(flowVars.processPayload.members.phones map {
    			 "contactRef": "83jfo3",
    			 "type": "TEL",
    			 "subType": "HOME",
    			 "idc": "+61",
    			 "areaCode": "03",
    			 "number": "7478368",
    			 "extension": "45",
    			 "preferred": "Y",
    			 "remarks": "Don't call between 1pm to 2 pm on Wednesday",
    			 "effectiveStartDate": "",
    			 "effectiveEndDate": "" 
    		}) when (flowVars.processPayload.members.phones?)
    	],  "addresses" : [
    		(flowVars.processPayload.members.addresses map {
    			  "contactRef": "",
    			  "houseNo": "",
    			  "houseName": "",
    			  "street": "",
    			  "locality": "",
    			  "district": "",
    			  "state": "",
    			  "country": "",
    			  "postCode": "",
    			  "bcID": "",
    			  "addressStatus": "",
    			  "addressType": "",
    			  "preferred": "",
    			  "effectiveStartDate": "",
    			  "effectiveEndDate": "" 
    		}) when (flowVars.processPayload.members.addresses?)
    	],  "emails" : [
    		(flowVars.processPayload.members.emails map {
    			  "contactRef": "83jfo3",
    			  "type": "HOM",
    			  "email": "someone@domain.xx",
    			  "preferred": "Y",
    			  "effectiveStartDate": "",
    			  "effectiveEndDate": "" 
    		}) when (flowVars.processPayload.members.emails?)
    	]
    	},
      		"schemeMemberDetails": {
      		"occupationalRating": "IT",
      		"employer": "MLC",
      		"salary": 100000
      	}
      }
     } 
}]]></dw:set-payload>
        </dw:transform-message>

        <choice-exception-strategy doc:name="Choice Exception Strategy">
              <catch-exception-strategy when="#[exception.causedBy(java.net.ConnectException)]" doc:name="Catch Exception Strategy (Retry Exhaust Exception)">
                     <circuitbreaker:trip config-ref="Circuit_Breaker_Config" tripOnException="java.net.ConnectException" doc:name="Circuit Breaker"/>
            <set-variable variableName="resultCode" value="503" encoding="UTF-8" mimeType="application/java" doc:name="resultCode"/>
                     <set-property propertyName="http.status" value="503" doc:name="Property"/>
                <set-payload value="{&quot;ExternalCustomerId&quot;: &quot;abcdss&quot;,&quot;status&quot;: &quot;Failure&quot;,&quot;statusCode&quot;: &quot;10516&quot;, &quot;statusDescription&quot;: &quot;Retry Exhaust Exception&quot; }" doc:name="Set Payload"/>
        </catch-exception-strategy>
        
              <catch-exception-strategy when="#[exception.causedBy(java.util.concurrent.TimeoutException)]" doc:name="Catch Exception Strategy(service TimeoutException)">
                     <circuitbreaker:trip config-ref="Circuit_Breaker_Config" tripOnException="java.util.concurrent.TimeoutException" doc:name="Circuit Breaker"/>
                     <set-variable variableName="resultCode" value="504" encoding="UTF-8" mimeType="application/java" doc:name="resultCode"/>
                     <set-property propertyName="http.status" value="504" doc:name="Property"/>
                <set-payload value="{&quot;timeout&quot;}" doc:name="Set Payload"/>
              </catch-exception-strategy>
              
              <catch-exception-strategy when="#[exception.causedBy(com.mulesoft.mule.devkit.circuitbreaker.CircuitOpenException)]" doc:name="Catch Exception Strategy (CicuitBreaker Filter Exception)">
                  <circuitbreaker:trip config-ref="Circuit_Breaker_Config" tripOnException="java.util.concurrent.TimeoutException" doc:name="Circuit Breaker"/>
                     <set-variable variableName="resultCode" value="503" encoding="UTF-8" mimeType="application/java" doc:name="resultCode"/>
                     <set-property propertyName="http.status" value="503" doc:name="Property"/>
                <set-payload value="{&quot;breaker filter&quot;}" doc:name="Set Payload"/>
        </catch-exception-strategy>
         <catch-exception-strategy when="#[exception.causedBy(org.mule.routing.CompositeRoutingException)]" doc:name="Catch Exception Strategy (CompositeRoutingException)">
                <choice doc:name="Choice">
                    <when expression="#[flowVars.httpStatus == 404]">
                        <set-property propertyName="http.status" value="404" doc:name="Property"/>
                        <set-payload value="{&quot;MemberId&quot;: &quot;#[flowVars.memberId]&quot;,&quot;status&quot;: &quot;Failure&quot;,&quot;statusCode&quot;: &quot; 101404&quot;,&quot;statusDescription&quot;: &quot;Bad Request - Invalid input data&quot;}" doc:name="Set Payload" mimeType="application/json"/>
                    </when>
                    <otherwise>
                        <logger level="INFO" doc:name="Logger"/>
                        <set-payload value="{&quot;MemberId&quot;: &quot;#[flowVars.memberId]&quot;,&quot;status&quot;: &quot;Failure&quot;,&quot;statusCode&quot;: &quot; 101400&quot;,&quot;statusDescription&quot;: &quot;Bad Request - Invalid input data&quot;}" mimeType="application/json" doc:name="Set Payload"/>
                    </otherwise>
                </choice>

        </catch-exception-strategy>
        </choice-exception-strategy>
    </flow>
</mule>
