<?xml version="1.0" encoding="UTF-8"?>

<mule xmlns:tracking="http://www.mulesoft.org/schema/mule/ee/tracking" xmlns:dw="http://www.mulesoft.org/schema/mule/ee/dw" xmlns:ws="http://www.mulesoft.org/schema/mule/ws" xmlns:json="http://www.mulesoft.org/schema/mule/json" xmlns:metadata="http://www.mulesoft.org/schema/mule/metadata" xmlns:http="http://www.mulesoft.org/schema/mule/http" xmlns="http://www.mulesoft.org/schema/mule/core" xmlns:doc="http://www.mulesoft.org/schema/mule/documentation"
	xmlns:spring="http://www.springframework.org/schema/beans" 
	xmlns:xsi="http://www.w3.org/2001/XMLSchema-instance"
	xsi:schemaLocation="http://www.springframework.org/schema/beans http://www.springframework.org/schema/beans/spring-beans-current.xsd
http://www.mulesoft.org/schema/mule/core http://www.mulesoft.org/schema/mule/core/current/mule.xsd
http://www.mulesoft.org/schema/mule/http http://www.mulesoft.org/schema/mule/http/current/mule-http.xsd
http://www.mulesoft.org/schema/mule/ee/dw http://www.mulesoft.org/schema/mule/ee/dw/current/dw.xsd
http://www.mulesoft.org/schema/mule/json http://www.mulesoft.org/schema/mule/json/current/mule-json.xsd
http://www.mulesoft.org/schema/mule/ws http://www.mulesoft.org/schema/mule/ws/current/mule-ws.xsd
http://www.mulesoft.org/schema/mule/ee/tracking http://www.mulesoft.org/schema/mule/ee/tracking/current/mule-tracking-ee.xsd">
    <flow name="MF_Claim_ImplementationFlow">
        <set-variable variableName="claimNumber" value="#[message.inboundProperties.'http.uri.params'.claimnumber]" doc:name="Set claimNumber"/>
        <logger message="#[flowVars.claimNumber]" level="INFO" doc:name="Print claimNumber"/>
        <flow-ref name="MF_Token_AuthorizationFlow" doc:name="MF_Token_AuthorizationFlow"/>
        <flow-ref name="SF_ClaimsFlow" doc:name="SF_ClaimsFlow"/>
        <flow-ref name="SF_MemberIDFlow" doc:name="SF_MemberIDFlow"/>
        <flow-ref name="SF_TypeOfClaimIDFlow" doc:name="SF_TypeOfClaimIDFlow"/>
        <flow-ref name="SF_LossEventIDFlow" doc:name="SF_LossEventIDFlow"/>
        <flow-ref name="SF_AdjusterUserIDFlow" doc:name="SF_AdjusterUserIDFlow"/>
        <flow-ref name="SF_ClaimsdataFlow" doc:name="SF_ClaimsdataFlow"/>
    </flow>
    <sub-flow name="SF_ClaimsFlow">
        <set-variable variableName="firstPayload" value="#[payload]" doc:name="Initial Payload"/>
        <set-payload value="#[flowVars.claimNumber]" doc:name="Set claimNumber"/>
        <logger message="Initial Payload :  #[payload] claimNumber:  #[flowVars.claimNumber]" level="INFO" doc:name="Print Initial Payload and claimNumber"/>

        <dw:transform-message doc:name="Create Dynamic Query Request for Claim" metadata:id="2b02d571-bd94-4893-926c-7d843b8121c8">
            <dw:input-payload mimeType="application/java"/>
            <dw:set-payload><![CDATA[%dw 1.0
%output application/xml
%namespace ns0 http://tempuri.org/
---
{
	ns0#DynamicQuery: {
		ns0#sessionToken: flowVars.sessionToken,
		ns0#typeName: 'Claim',
		ns0#filter: "ClaimNumber=" ++ '"' ++ payload ++ '"',
		//ns0#filter: "AccountGuid=" ++ '"' ++ payload.Entity.Positions.AccountId ++ '"' ++ " and ProgramGuid=" ++ '"' ++ flowVars.programId ++ '"'
		ns0#select: 'ClaimNumber,LossEventID,AdjusterUserID,MemberID,TypeofclaimID',
		ns0#startAt: 0,
		ns0#take: 30
	}
}]]></dw:set-payload>
        </dw:transform-message>
        <ws:consumer config-ref="Web_Service_Consumer_query" operation="DynamicQuery" doc:name="Origami DynamicService1"/>

        <dw:transform-message doc:name="Mapping Dynamic Query Response">
            <dw:set-payload><![CDATA[%dw 1.0
%output application/java
---
payload.DynamicQueryResponse.DynamicQueryResult]]></dw:set-payload>
        </dw:transform-message>
        <json:object-to-json-transformer doc:name="Object to JSON"/>
        <logger message="#[payload]" level="INFO" doc:name="Print JsonResponse"/>
        <dw:transform-message doc:name="Map Result Set" metadata:id="ac86b517-7280-4899-b14a-15013e3b4ed3">
            <dw:input-payload doc:sample="sample_data\DynamicQueryResponse.xml" />
            <dw:set-payload><![CDATA[%dw 1.0
%output application/json
---
payload[0]]]></dw:set-payload>
            <dw:set-variable variableName="MemberID"><![CDATA[%dw 1.0
%output application/java
---
0 when ((payload.MemberID[0] == "" or payload.MemberID[0] == null or (sizeOf payload) == 0))  otherwise payload.MemberID[0]]]></dw:set-variable>
            <dw:set-variable variableName="TypeOfClaimID"><![CDATA[%dw 1.0
%output application/java
---
0 when ((payload.TypeOfClaimID[0] == "" or payload.TypeOfClaimID[0] == null or (sizeOf payload) == 0))  otherwise payload.TypeOfClaimID[0]]]></dw:set-variable>
            <dw:set-variable variableName="adjusteruserid"><![CDATA[%dw 1.0
%output application/java
---
//payload.AdjusterUserID[0]
0 when ((payload.AdjusterUserID[0] == "" or payload.AdjusterUserID[0] == null or (sizeOf payload) == 0))  otherwise payload.AdjusterUserID[0]]]></dw:set-variable>
            <dw:set-variable variableName="losseventid"><![CDATA[%dw 1.0
%output application/java
---
'' when ((payload.LossEventID[0] == "" or payload.LossEventID[0] == null or (sizeOf payload) == 0))  otherwise payload.LossEventID[0]]]></dw:set-variable>
        </dw:transform-message>
        <logger message="Payload: #[payload] , MemberID: #[flowVars.MemberID], ClaimID: #[flowVars.TypeOfClaimID] losseventid: #[flowVars.losseventid]  adjusteruserid: #[flowVars.adjusteruserid]" level="INFO" doc:name="Printing Payload and Variables"/>
        <set-payload value="#[payload]" doc:name="Set Claims Payload"/>
        <set-variable variableName="ClaimsPayload" value="#[payload]" doc:name="Set ClaimsPayload in a Variable"/>
        <logger message="Claims Payload : #[flowVars.ClaimsPayload]" level="INFO" doc:name="Print Claims Payload"/>
    </sub-flow>
    <sub-flow name="SF_MemberIDFlow">
        <set-variable variableName="memberidflow" value="#[flowVars.ClaimsPayload]" doc:name="Store ClaimsPayload in a variable"/>

        <logger message="#[message.payloadAs(java.lang.String)]" level="INFO" doc:name="Print as String"/>
        <dw:transform-message doc:name="Create Dynamic Query Request for MemberID">
            <dw:set-payload><![CDATA[%dw 1.0
%output application/xml
%namespace ns0 http://tempuri.org/
---
{
	ns0#DynamicQuery: {
		ns0#sessionToken: flowVars.sessionToken,
		ns0#typeName: 'Member',
		ns0#filter: "MemberID=" ++ flowVars.MemberID,
		//ns0#filter: "AccountGuid=" ++ '"' ++ payload.Entity.Positions.AccountId ++ '"' ++ " and ProgramGuid=" ++ '"' ++ flowVars.programId ++ '"'
		ns0#select: 'Name',
		ns0#startAt: 0,
		ns0#take: 30
	}
}]]></dw:set-payload>
        </dw:transform-message>
        <ws:consumer config-ref="Web_Service_Consumer_query" operation="DynamicQuery" doc:name="Origami DynamicService2"/>
        <dw:transform-message doc:name="Mapping Dynamic Query Response">
            <dw:set-payload><![CDATA[%dw 1.0
%output application/java
---
payload.DynamicQueryResponse.DynamicQueryResult]]></dw:set-payload>
        </dw:transform-message>
        <json:object-to-json-transformer doc:name="Object to JSON"/>
        <dw:transform-message doc:name="Store Name Result Set in MemberName variable">

            <dw:set-variable variableName="MemberName"><![CDATA[%dw 1.0
%output application/java
---
payload.Name[0]]]></dw:set-variable>
        </dw:transform-message>
        <logger message="Payload: #[payload] , MemberName:  #[flowVars.MemberName]" level="INFO" doc:name="Print Payload and MemberName "/>

    </sub-flow>
    <sub-flow name="SF_TypeOfClaimIDFlow">
        <set-variable variableName="typeofclaimidflow" value="#[payload]" doc:name="Store Payload in a variable for TypeofClaimID"/>

        <logger message="#[message.payloadAs(java.lang.String)]" level="INFO" doc:name="Print as String"/>
        <dw:transform-message doc:name="Create Dynamic Query Request for TypeofClaimID">
            <dw:set-payload><![CDATA[%dw 1.0
%output application/xml
%namespace ns0 http://tempuri.org/
---
{
	ns0#DynamicQuery: {
		ns0#sessionToken: flowVars.sessionToken,
		ns0#typeName: 'TypeOfClaim',
		ns0#filter: "TypeOfClaimID=" ++ flowVars.TypeOfClaimID,
		//ns0#filter: "AccountGuid=" ++ '"' ++ payload.Entity.Positions.AccountId ++ '"' ++ " and ProgramGuid=" ++ '"' ++ flowVars.programId ++ '"'
		ns0#select: 'Description',
		ns0#startAt: 0,
		ns0#take: 30
	}
}]]></dw:set-payload>
        </dw:transform-message>
        <ws:consumer config-ref="Web_Service_Consumer_query" operation="DynamicQuery" doc:name="Origami DynamicService3"/>
        <dw:transform-message doc:name="Mapping Dynamic Query Response" metadata:id="1d03dcf8-c2ad-4ee8-901c-c1d58c5eb2f0">
            <dw:input-payload mimeType="application/xml"/>
            <dw:set-payload><![CDATA[%dw 1.0
%output application/java
---
payload.DynamicQueryResponse.DynamicQueryResult]]></dw:set-payload>
        </dw:transform-message>
        <json:object-to-json-transformer doc:name="Object to JSON"/>
        <dw:transform-message doc:name="Store Description Result Set in Typeofclaim variable">

            <dw:set-variable variableName="Typeofclaim"><![CDATA[%dw 1.0
%output application/java
---
payload.Description[0]]]></dw:set-variable>
        </dw:transform-message>
        <logger message="Payload: #[payload] ,  Typeofclaim: #[flowVars.Typeofclaim]" level="INFO" doc:name="Print Payload and Typeofclaim"/>


    </sub-flow>
    <sub-flow name="SF_AdjusterUserIDFlow">
        <set-variable variableName="typeofclaimidflow" value="#[payload]" doc:name="Store Payload in a variable for TypeofClaimID"/>

        <logger message="#[message.payloadAs(java.lang.String)]" level="INFO" doc:name="Print as String"/>
        <dw:transform-message doc:name="Create Dynamic Query Request for AdjusterUserID">
            <dw:set-payload><![CDATA[%dw 1.0
%output application/xml
%namespace ns0 http://tempuri.org/
---
{
	ns0#DynamicQuery: {
		ns0#sessionToken: flowVars.sessionToken,
		ns0#typeName: 'User',
		ns0#filter: "UserID=" ++ flowVars.adjusteruserid,
		//ns0#filter: "AccountGuid=" ++ '"' ++ payload.Entity.Positions.AccountId ++ '"' ++ " and ProgramGuid=" ++ '"' ++ flowVars.programId ++ '"'
		ns0#select: 'CustomText1',
		ns0#startAt: 0,
		ns0#take: 30
	}
}]]></dw:set-payload>
        </dw:transform-message>
        <ws:consumer config-ref="Web_Service_Consumer_query" operation="DynamicQuery" doc:name="Origami DynamicService4"/>
        <dw:transform-message doc:name="Mapping Dynamic Query Response" metadata:id="376bd7e7-1fb4-4f5d-b231-6fb2ae7c5afc">
            <dw:input-payload mimeType="application/xml"/>
            <dw:set-payload><![CDATA[%dw 1.0
%output application/java
---
payload.DynamicQueryResponse.DynamicQueryResult]]></dw:set-payload>
        </dw:transform-message>
        <json:object-to-json-transformer doc:name="Object to JSON"/>
        <dw:transform-message doc:name="Store CustomText1 Result Set in adjustername variable">
            <dw:set-variable variableName="adjustername"><![CDATA[%dw 1.0
%output application/java
---
payload.CustomText1[0]]]></dw:set-variable>

        </dw:transform-message>
        <logger message="Payload: #[payload] ,  AdjusterName : #[flowVars.adjustername]" level="INFO" doc:name="Print Payload and AdjusterName"/>


    </sub-flow>
    <sub-flow name="SF_LossEventIDFlow">
        <set-variable variableName="typeofclaimidflow" value="#[payload]" doc:name="Store Payload in a variable for TypeofClaimID"/>

        <logger message="#[message.payloadAs(java.lang.String)]" level="INFO" doc:name="Print as String"/>
        <dw:transform-message doc:name="Create Dynamic Query Request for LossEventID">
            <dw:set-payload><![CDATA[%dw 1.0
%output application/xml
%namespace ns0 http://tempuri.org/
---
{
	ns0#DynamicQuery: {
		ns0#sessionToken: flowVars.sessionToken,
		ns0#typeName: 'LossEvent',
		ns0#filter: "LossEventID=" ++ flowVars.losseventid,
		//ns0#filter: "AccountGuid=" ++ '"' ++ payload.Entity.Positions.AccountId ++ '"' ++ " and ProgramGuid=" ++ '"' ++ flowVars.programId ++ '"'
		ns0#select: 'EventNumber',
		ns0#startAt: 0,
		ns0#take: 30
	}
}]]></dw:set-payload>
        </dw:transform-message>
        <ws:consumer config-ref="Web_Service_Consumer_query" operation="DynamicQuery" doc:name="Origami DynamicService5"/>
        <dw:transform-message doc:name="Mapping Dynamic Query Response" metadata:id="776adaee-263d-47eb-bfb3-62c1cd44d168">
            <dw:input-payload mimeType="application/xml"/>
            <dw:set-payload><![CDATA[%dw 1.0
%output application/java
---
payload.DynamicQueryResponse.DynamicQueryResult]]></dw:set-payload>
        </dw:transform-message>
        <json:object-to-json-transformer doc:name="Object to JSON"/>
        <dw:transform-message doc:name="Store EventNumber Result Set in eventnumber variable">
            <dw:set-variable variableName="eventnumber"><![CDATA[%dw 1.0
%output application/java
---
payload.EventNumber[0]]]></dw:set-variable>

        </dw:transform-message>
        <logger message="Payload: #[payload] , Typeofclaim: #[flowVars.Typeofclaim]" level="INFO" doc:name="Print Payload and TypeofClaim"/>


    </sub-flow>

     <sub-flow name="SF_ClaimsdataFlow">
        <set-variable variableName="claimnumbervar" value="#[flowVars.firstpayload]" doc:name="Store Initial Payload in claimnumber variable"/>
        <set-payload value="#[flowVars.claimNumber]" doc:name="Set claimnumber as a Payload"/>


        <dw:transform-message doc:name="Create Dynamic Query Request for ClaimNumber" metadata:id="2b02d571-bd94-4893-926c-7d843b8121c8">
            <dw:input-payload mimeType="application/java"/>
            <dw:set-payload><![CDATA[%dw 1.0
%output application/xml
%namespace ns0 http://tempuri.org/
---
{
	ns0#DynamicQuery: {
		ns0#sessionToken: flowVars.sessionToken,
		ns0#typeName: 'Claim',
		ns0#filter: "ClaimNumber=" ++ '"' ++ payload ++ '"',
		//ns0#filter: "AccountGuid=" ++ '"' ++ payload.Entity.Positions.AccountId ++ '"' ++ " and ProgramGuid=" ++ '"' ++ flowVars.programId ++ '"'
		ns0#select: 'ClaimNumber,OccurrenceNumber,CustomText26,CustomText27,LossDate',
		ns0#startAt: 0,
		ns0#take: 30
	}
}]]></dw:set-payload>
        </dw:transform-message>
        <ws:consumer config-ref="Web_Service_Consumer_query" operation="DynamicQuery" doc:name="Origami DynamicService6"/>
        <dw:transform-message doc:name="Mapping Dynamic Query Response" metadata:id="ce39f799-0794-4eb1-bc06-b414c6762f46">
            <dw:input-payload mimeType="application/xml"/>
            <dw:set-payload><![CDATA[%dw 1.0
%output application/java
---
payload.DynamicQueryResponse.DynamicQueryResult]]></dw:set-payload>
        </dw:transform-message>
        <json:object-to-json-transformer doc:name="Object to JSON"/>

        <dw:transform-message doc:name="Final Mapping" metadata:id="ac86b517-7280-4899-b14a-15013e3b4ed3">
            <dw:input-payload mimeType="application/json"/>
            <dw:set-payload><![CDATA[%dw 1.0
%output application/json
---
{
	ClaimNumber: payload.ClaimNumber[0],
	EventNumber: flowVars.eventnumber,
	MemberName: flowVars.MemberName,
	FirstName: payload.CustomText26[0],
	LastName: payload.CustomText27[0],
	DateOfEvent: payload.LossDate[0],
	TypeOfClaim: flowVars.Typeofclaim,
	AKA: flowVars.adjustername
}
]]></dw:set-payload>

        </dw:transform-message>

        <set-payload value="#[payload]" doc:name="Set Final Payload"/>

    </sub-flow>
</mule>    