<?xml version="1.0" encoding="UTF-8"?>
<mule xmlns:tls="http://www.mulesoft.org/schema/mule/tls" xmlns:tracking="http://www.mulesoft.org/schema/mule/ee/tracking" xmlns:ws="http://www.mulesoft.org/schema/mule/ws" xmlns:doc="http://www.mulesoft.org/schema/mule/documentation" xmlns="http://www.mulesoft.org/schema/mule/core" xmlns:apikit="http://www.mulesoft.org/schema/mule/apikit" xmlns:http="http://www.mulesoft.org/schema/mule/http" xmlns:spring="http://www.springframework.org/schema/beans" xmlns:xsi="http://www.w3.org/2001/XMLSchema-instance" xsi:schemaLocation="http://www.mulesoft.org/schema/mule/core http://www.mulesoft.org/schema/mule/core/current/mule.xsd
http://www.mulesoft.org/schema/mule/http http://www.mulesoft.org/schema/mule/http/current/mule-http.xsd
http://www.mulesoft.org/schema/mule/apikit http://www.mulesoft.org/schema/mule/apikit/current/mule-apikit.xsd
http://www.springframework.org/schema/beans http://www.springframework.org/schema/beans/spring-beans-3.1.xsd
http://www.mulesoft.org/schema/mule/ws http://www.mulesoft.org/schema/mule/ws/current/mule-ws.xsd
http://www.mulesoft.org/schema/mule/ee/tracking http://www.mulesoft.org/schema/mule/ee/tracking/current/mule-tracking-ee.xsd
http://www.mulesoft.org/schema/mule/tls http://www.mulesoft.org/schema/mule/tls/current/mule-tls.xsd">
    <http:listener-config name="onbaseapiv4-httpListenerConfig" host="0.0.0.0" port="8081" doc:name="HTTP Listener Configuration" protocol="HTTPS">
        <tls:context>
            <tls:key-store type="jks" path="localKeystore.jks" alias="keystore" keyPassword="securekeystore" password="securekeystore"/>
        </tls:context>
    </http:listener-config>
    <apikit:config name="onbaseapiv6-config" raml="onbaseapiv4.raml" consoleEnabled="false" doc:name="Router" keepRamlBaseUri="false">
        <apikit:flow-mapping resource="/claim/{claimnumber}" action="get" content-type="application/json" flow-ref="MF_Claim_ImplementationFlow"/>
        <apikit:flow-mapping resource="/event/{eventnumber}" action="get" content-type="application/json" flow-ref="MF_Event_implementationFlow"/>
        <apikit:flow-mapping resource="/eventbyadj/{eventnumber}" action="get" content-type="application/json" flow-ref="MF_Eventbyadj_implementationflow"/>
    </apikit:config>
    <ws:consumer-config name="Web_Service_Consumer_query" wsdlLocation="stagingOrigamiWSDL.xml" service="ServiceLibrary" port="DynamicService" serviceAddress="https://staging-api.origamirisk.com/Origami.WebServices/ServiceLibrary.svc" doc:name="Web Service Consumer"/>
    <ws:consumer-config name="Web_Service_Consumer_token" wsdlLocation="stagingOrigamiWSDL.xml" service="ServiceLibrary" port="AuthenticationService" serviceAddress="https://staging-api.origamirisk.com/Origami.WebServices/ServiceLibrary.svc" doc:name="Web Service Consumer"/>
    <flow name="onbaseapiv4-main">
        <http:listener config-ref="onbaseapiv4-httpListenerConfig" path="/api/*" doc:name="HTTP"/>
        <apikit:router config-ref="onbaseapiv6-config" doc:name="APIkit Router"/>
        <exception-strategy ref="onbaseapiv4-apiKitGlobalExceptionMapping" doc:name="Reference Exception Strategy"/>
    </flow>
    <flow name="onbaseapiv4-console">
        <http:listener config-ref="onbaseapiv4-httpListenerConfig" path="/console/*" doc:name="HTTP"/>
        <apikit:console config-ref="onbaseapiv6-config" doc:name="APIkit Console"/>
    </flow>
    <flow name="get:/claim/{claimnumber}:onbaseapiv6-config">
        <flow-ref name="MF_Claim_ImplementationFlow" doc:name="MF_Claim_ImplementationFlow"/>

    </flow>
    <flow name="get:/event/{eventnumber}:onbaseapiv6-config">
        <flow-ref name="MF_Event_implementationFlow" doc:name="MF_Event_implementationFlow"/>

    </flow>
    <flow name="get:/eventbyadj/{eventnumber}:onbaseapiv6-config">
        <flow-ref name="MF_Eventbyadj_implementationflow" doc:name="MF_Eventbyadj_implementationflow"/>

    </flow>
    <apikit:mapping-exception-strategy name="onbaseapiv4-apiKitGlobalExceptionMapping">
        <apikit:mapping statusCode="404">
            <apikit:exception value="org.mule.module.apikit.exception.NotFoundException" />
            <set-property propertyName="Content-Type" value="application/json" doc:name="Property"/>
            <set-payload value="{ &quot;message&quot;: &quot;Resource not found&quot; }" doc:name="Set Payload"/>
        </apikit:mapping>
        <apikit:mapping statusCode="405">
            <apikit:exception value="org.mule.module.apikit.exception.MethodNotAllowedException" />
            <set-property propertyName="Content-Type" value="application/json" doc:name="Property"/>
            <set-payload value="{ &quot;message&quot;: &quot;Method not allowed&quot; }" doc:name="Set Payload"/>
        </apikit:mapping>
        <apikit:mapping statusCode="415">
            <apikit:exception value="org.mule.module.apikit.exception.UnsupportedMediaTypeException" />
            <set-property propertyName="Content-Type" value="application/json" doc:name="Property"/>
            <set-payload value="{ &quot;message&quot;: &quot;Unsupported media type&quot; }" doc:name="Set Payload"/>
        </apikit:mapping>
        <apikit:mapping statusCode="406">
            <apikit:exception value="org.mule.module.apikit.exception.NotAcceptableException" />
            <set-property propertyName="Content-Type" value="application/json" doc:name="Property"/>
            <set-payload value="{ &quot;message&quot;: &quot;Not acceptable&quot; }" doc:name="Set Payload"/>
        </apikit:mapping>
        <apikit:mapping statusCode="400">
            <apikit:exception value="org.mule.module.apikit.exception.BadRequestException" />
            <set-property propertyName="Content-Type" value="application/json" doc:name="Property"/>
            <set-payload value="{ &quot;message&quot;: &quot;Bad request&quot; }" doc:name="Set Payload"/>
        </apikit:mapping>
    </apikit:mapping-exception-strategy>
</mule>
